{"cameraMode":{"drawMode":0,"name":"Shaded","section":"Shading Mode"},"sceneLighting":true,"audioPlay":false,"sceneViewState":{"m_AlwaysRefresh":false,"showFog":true,"showSkybox":true,"showFlares":true,"showImageEffects":true,"showParticleSystems":true,"showVisualEffectGraphs":true,"m_FxEnabled":true},"in2DMode":false,"pivot":{"x":-1.6734333038330079,"y":0.2294168472290039,"z":9.305011749267579},"rotation":{"x":-0.1896602213382721,"y":0.20794659852981568,"z":-0.04113854467868805,"w":-0.9586958289146423},"size":15.459214210510254,"orthographic":false}