{"cameraMode":{"drawMode":0,"name":"Shaded","section":"Shading Mode"},"sceneLighting":true,"audioPlay":false,"sceneViewState":{"m_AlwaysRefresh":false,"showFog":true,"showSkybox":true,"showFlares":true,"showImageEffects":true,"showParticleSystems":true,"showVisualEffectGraphs":true,"m_FxEnabled":true},"in2DMode":false,"pivot":{"x":0.026194483041763307,"y":3.697917938232422,"z":-24.777774810791017},"rotation":{"x":-0.04738256335258484,"y":0.0020915877539664509,"z":-0.000042520980059634894,"w":-0.9989078044891357},"size":0.8660253882408142,"orthographic":false}